Variable,Count,Mean,Median,Std Dev,Min,Max,Range,Q1 (25%),Q3 (75%),IQR
Sleep_Hours,75,5.56,5.25,2.34,2.0,9.0,7.0,3.78,7.9,4.12
Sleep_Quality_Score,75,9.53,10.0,5.49,0.0,20.0,20.0,6.0,14.0,8.0
Daytime_Sleepiness,75,12.29,12.0,7.5,0.0,24.0,24.0,6.0,19.0,13.0
Stroop_Task_Reaction_Time,75,3.21,3.34,0.76,1.6,4.49,2.89,2.6,3.84,1.25
N_Back_Accuracy,75,74.93,74.28,14.2,50.9,99.73,48.83,62.99,86.68,23.69
Emotion_Regulation_Score,75,38.12,36.0,15.97,10.0,67.0,57.0,23.0,51.5,28.5
PVT_Reaction_Time,75,330.43,323.41,78.34,201.56,494.55,292.99,259.47,389.92,130.45
Caffeine_Intake,75,2.72,3.0,1.54,0.0,5.0,5.0,2.0,4.0,2.0
Physical_Activity_Level,75,4.43,4.0,3.31,0.0,10.0,10.0,1.0,7.0,6.0
Stress_Level,75,17.89,18.0,9.84,0.0,40.0,40.0,10.5,25.0,14.5
